feature,mean_abs_shap_value
admitted,0.1500965538082421
length_of_stay_days,0.14968887357300759
total_bill_lkr,0.04669791581573036
medicine_charge_lkr,0.03588153423929429
room_charge_lkr,0.018562129798097845
lab_tests_count,0.015873763123983926
lab_charge_lkr,0.014323882059902213
treatments_count,0.014101056508861011
room_type_Not Admitted,0.008779866288058347
age,0.007790317572596246
avg_charge_per_treatment,0.007600741598245982
missed_appointment_rate,0.006917461875822247
appointment_month,0.0063844861167540465
diastolic_bp,0.005310371129446877
bmi,0.005309296611890835
cholesterol_mg_dl,0.005202461700733103
waiting_days,0.004904416811183469
previous_admissions,0.004260145713317626
missed_previous_appointments,0.00392098816252432
blood_sugar_mg_dl,0.003686853934793803
systolic_bp,0.003653087393924525
appointment_dayofweek,0.003381334783491485
diagnosis_Fracture,0.002709138805190332
previous_appointments,0.002651761866173497
room_type_Private Room,0.0026365002423779467
consultation_fee_lkr,0.002406497559631453
blood_group_O-,0.001965163838720387
diagnosis_Kidney Infection,0.0016018024588239789
blood_group_AB-,0.0014969215396182759
blood_group_O+,0.0014547761242718654
payment_method_Insurance,0.001404020418941912
department_General Medicine,0.0013888833508805243
payment_method_Online,0.0012186818729063391
diagnosis_Hypertension,0.001126865290687916
appointment_status_No-Show,0.0009606218923950737
gender_Male,0.0009213844758776803
blood_group_B+,0.0008836555280898536
appointment_status_Completed,0.0008817512561295744
diagnosis_Back Pain,0.0008372357983615772
payment_method_Cash,0.0008370236590212174
is_hypertensive,0.0008362496713259411
department_Orthopedics,0.0008355674741993381
diagnosis_Pneumonia,0.0008275831382320793
department_Radiology,0.0007827758308614028
department_Neurology,0.0007303129412685401
department_Pediatrics,0.0007057583972245999
payment_status_Unpaid,0.0006782405592093169
blood_group_AB+,0.0006183754660683922
appointment_status_Scheduled,0.000616541993026515
diagnosis_Chest Pain,0.000584205194700637
blood_group_A-,0.000577202729602329
department_Laboratory Services,0.0005492007394589095
payment_status_Partially Paid,0.0004889443256344933
blood_group_B-,0.00042205012615715334
diagnosis_Diabetes,0.00041959261128988274
diagnosis_Migraine,0.00038766515157071565
diagnosis_Fever,0.0003790036270389255
room_type_ICU,0.00024127203702366016
